æ°å,éƒ¨ç½²,å½¹è·,ã‚¹ãƒ†ãƒ¼ã‚¿ã‚¹
ä¼Šè—¤ç¾å’²,äººäº‹éƒ¨,èª²é•·,åœ¨ç±
éˆ´æœ¨ä¸€éƒ,é–‹ç™ºéƒ¨,èª²é•·,åœ¨ç±
ç”°ä¸­ç¾å’²,"ç·å‹™ç®¡ç†éƒ¨",ä¸»ä»»,åœ¨ç±
æ¸¡è¾ºæ­£ç”·,"å–¶æ¥­
\!@#$%^&*()_+-=<>,./?:;"'{}[]|
ãƒ²ãƒ³ãƒ°ãƒ±ãƒ´ãƒ¼ãƒ¾ãƒ»
ï½§ï½°ï½­ï½¿ï¾ï¾ï¾Ÿ
ãŒ¶â…¢â‘³ã¾ãˆ±é«™ï¨‘
Â¢Â£Â¬â€–âˆ’ã€œâ€•
ğ €‹ğ§š„ğª—±ğª˜šğª˜‚ğ©Š ğ©’ğ¨©±
ğŸ˜„ğŸ‘€ğŸ‘ƒ
ãƒã‚½èƒ½èŠ¸è¡¨åè²¼ç”³
test
test
test
test
test
test
test
test
test
test
test
test
test
test
test
test
test
test
æ¨é€²éƒ¨",éƒ¨é•·,åœ¨ç±
ä½è—¤æ¬¡éƒ,äººäº‹éƒ¨,æ¬¡é•·,å¾©è·
å±±ç”°å¤ªéƒ,"å–¶æ¥­æœ¬éƒ¨",æ¬¡é•·,åœ¨ç±
å°æ—ç›´å­,é–‹ç™ºéƒ¨,èª²é•·,åœ¨ç±
æœ¨æ‘å¥å¤ª,"ç·å‹™ä¼ç”»éƒ¨",æ¬¡é•·,åœ¨ç±
é«˜æ©‹å¥ä¸€,å–¶æ¥­éƒ¨,èª²é•·,ä¼‘è·
ä¸­æ‘èŠ±å­,é–‹ç™ºéƒ¨,ä¸»ä»»,åœ¨ç±